<?xml version="1.0" encoding="UTF-8"?>
<resourceDescriptor critical="false"
                    date="2017-04-07-10:06"
                    description="DocGen, MMS syncing, and common profiles"
                    id="91110"
                    mdVersionMax="higher"
                    mdVersionMin="18.4"
                    name="Model Development Kit"
                    product="JPL Model Development Kit"
                    type="Plugin">
    <version human="3.0.0-rc2" resource="282" internal="282"/>
    <provider name="NASA / Jet Propulsion Laboratory / Caltech"/>
    <edition>Reader</edition>
    <edition>Community</edition>
    <edition>Standard</edition>
    <edition>Professional Java</edition>
    <edition>Professional C++</edition>
    <edition>Professional C#</edition>
    <edition>Professional ArcStyler</edition>
    <edition>Professional EFFS ArcStyler</edition>
    <edition>OptimalJ</edition>
    <edition>Professional</edition>
    <edition>Architect</edition>
    <edition>Enterprise</edition>
    <installation>
        <!-- START AUTO-GENERATED -->

		<file from="profiles/SysML Extensions.mdxml" to="profiles/SysML Extensions.mdxml"/>
		<file from="plugins/gov.nasa.jpl.cae.magicdraw.mdk/btf-1.2.jar" to="plugins/gov.nasa.jpl.cae.magicdraw.mdk/btf-1.2.jar"/>
		<file from="plugins/gov.nasa.jpl.cae.magicdraw.mdk/lpg.runtime.java_2.0.17.v201004271640.jar" to="plugins/gov.nasa.jpl.cae.magicdraw.mdk/lpg.runtime.java_2.0.17.v201004271640.jar"/>
		<file from="plugins/gov.nasa.jpl.cae.magicdraw.mdk/jsoup-1.6.1.jar" to="plugins/gov.nasa.jpl.cae.magicdraw.mdk/jsoup-1.6.1.jar"/>
		<file from="plugins/gov.nasa.jpl.cae.magicdraw.mdk/httpcore-4.4.4.jar" to="plugins/gov.nasa.jpl.cae.magicdraw.mdk/httpcore-4.4.4.jar"/>
		<file from="plugins/gov.nasa.jpl.cae.magicdraw.mdk/slf4j-api-1.7.2.jar" to="plugins/gov.nasa.jpl.cae.magicdraw.mdk/slf4j-api-1.7.2.jar"/>
		<file from="plugins/gov.nasa.jpl.cae.magicdraw.mdk/opencsv-2.3.jar" to="plugins/gov.nasa.jpl.cae.magicdraw.mdk/opencsv-2.3.jar"/>
		<file from="plugins/gov.nasa.jpl.cae.magicdraw.mdk/jackson-coreutils-1.6.jar" to="plugins/gov.nasa.jpl.cae.magicdraw.mdk/jackson-coreutils-1.6.jar"/>
		<file from="plugins/gov.nasa.jpl.cae.magicdraw.mdk/org.eclipse.ocl.common_1.4.100.v20160613-1351.jar" to="plugins/gov.nasa.jpl.cae.magicdraw.mdk/org.eclipse.ocl.common_1.4.100.v20160613-1351.jar"/>
		<file from="plugins/gov.nasa.jpl.cae.magicdraw.mdk/commons-codec-1.9.jar" to="plugins/gov.nasa.jpl.cae.magicdraw.mdk/commons-codec-1.9.jar"/>
		<file from="plugins/gov.nasa.jpl.cae.magicdraw.mdk/swingx-all-1.6.4.jar" to="plugins/gov.nasa.jpl.cae.magicdraw.mdk/swingx-all-1.6.4.jar"/>
		<file from="plugins/gov.nasa.jpl.cae.magicdraw.mdk/slf4j-log4j12-1.7.2.jar" to="plugins/gov.nasa.jpl.cae.magicdraw.mdk/slf4j-log4j12-1.7.2.jar"/>
		<file from="plugins/gov.nasa.jpl.cae.magicdraw.mdk/org.eclipse.ocl.common.ui_1.3.100.v20160613-1351.jar" to="plugins/gov.nasa.jpl.cae.magicdraw.mdk/org.eclipse.ocl.common.ui_1.3.100.v20160613-1351.jar"/>
		<file from="plugins/gov.nasa.jpl.cae.magicdraw.mdk/json-patch-1.13.jar" to="plugins/gov.nasa.jpl.cae.magicdraw.mdk/json-patch-1.13.jar"/>
		<file from="plugins/gov.nasa.jpl.cae.magicdraw.mdk/jsr305-2.0.1.jar" to="plugins/gov.nasa.jpl.cae.magicdraw.mdk/jsr305-2.0.1.jar"/>
		<file from="plugins/gov.nasa.jpl.cae.magicdraw.mdk/jackson-annotations-2.8.0.jar" to="plugins/gov.nasa.jpl.cae.magicdraw.mdk/jackson-annotations-2.8.0.jar"/>
		<file from="plugins/gov.nasa.jpl.cae.magicdraw.mdk/mdk-3.0.0-rc2.jar" to="plugins/gov.nasa.jpl.cae.magicdraw.mdk/mdk-3.0.0-rc2.jar"/>
		<file from="plugins/gov.nasa.jpl.cae.magicdraw.mdk/log4j-1.2.17.jar" to="plugins/gov.nasa.jpl.cae.magicdraw.mdk/log4j-1.2.17.jar"/>
		<file from="plugins/gov.nasa.jpl.cae.magicdraw.mdk/jgrapht-0.8.3.jar" to="plugins/gov.nasa.jpl.cae.magicdraw.mdk/jgrapht-0.8.3.jar"/>
		<file from="plugins/gov.nasa.jpl.cae.magicdraw.mdk/plugin.xml" to="plugins/gov.nasa.jpl.cae.magicdraw.mdk/plugin.xml"/>
		<file from="plugins/gov.nasa.jpl.cae.magicdraw.mdk/jackson-core-2.8.3.jar" to="plugins/gov.nasa.jpl.cae.magicdraw.mdk/jackson-core-2.8.3.jar"/>
		<file from="plugins/gov.nasa.jpl.cae.magicdraw.mdk/activemq-all-5.9.1.jar" to="plugins/gov.nasa.jpl.cae.magicdraw.mdk/activemq-all-5.9.1.jar"/>
		<file from="plugins/gov.nasa.jpl.cae.magicdraw.mdk/guava-16.0.1.jar" to="plugins/gov.nasa.jpl.cae.magicdraw.mdk/guava-16.0.1.jar"/>
		<file from="plugins/gov.nasa.jpl.cae.magicdraw.mdk/commons-logging-1.2.jar" to="plugins/gov.nasa.jpl.cae.magicdraw.mdk/commons-logging-1.2.jar"/>
		<file from="plugins/gov.nasa.jpl.cae.magicdraw.mdk/org.eclipse.ocl_3.6.100.v20160613-1351.jar" to="plugins/gov.nasa.jpl.cae.magicdraw.mdk/org.eclipse.ocl_3.6.100.v20160613-1351.jar"/>
		<file from="plugins/gov.nasa.jpl.cae.magicdraw.mdk/org.eclipse.ocl.ecore_3.6.100.v20160613-1351.jar" to="plugins/gov.nasa.jpl.cae.magicdraw.mdk/org.eclipse.ocl.ecore_3.6.100.v20160613-1351.jar"/>
		<file from="plugins/gov.nasa.jpl.cae.magicdraw.mdk/commons-io-1.3.2.jar" to="plugins/gov.nasa.jpl.cae.magicdraw.mdk/commons-io-1.3.2.jar"/>
		<file from="plugins/gov.nasa.jpl.cae.magicdraw.mdk/msg-simple-1.1.jar" to="plugins/gov.nasa.jpl.cae.magicdraw.mdk/msg-simple-1.1.jar"/>
		<file from="plugins/gov.nasa.jpl.cae.magicdraw.mdk/httpclient-4.5.2.jar" to="plugins/gov.nasa.jpl.cae.magicdraw.mdk/httpclient-4.5.2.jar"/>
		<file from="plugins/gov.nasa.jpl.cae.magicdraw.mdk/httpmime-4.5.2.jar" to="plugins/gov.nasa.jpl.cae.magicdraw.mdk/httpmime-4.5.2.jar"/>
		<file from="plugins/gov.nasa.jpl.cae.magicdraw.mdk/json-simple-1.1.jar" to="plugins/gov.nasa.jpl.cae.magicdraw.mdk/json-simple-1.1.jar"/>
		<file from="plugins/gov.nasa.jpl.cae.magicdraw.mdk/jackson-databind-2.8.3.jar" to="plugins/gov.nasa.jpl.cae.magicdraw.mdk/jackson-databind-2.8.3.jar"/>
		<file from="DocGenUserScripts/DocGenStyleSheet/DOCGEN.xml" to="DocGenUserScripts/DocGenStyleSheet/DOCGEN.xml"/>
		<file from="DocGenUserScripts/DocGenStyleSheet/out/pdf/DOCGEN.pdf" to="DocGenUserScripts/DocGenStyleSheet/out/pdf/DOCGEN.pdf"/>
		<file from="DocGenUserScripts/DocGenStyleSheet/README.rtf" to="DocGenUserScripts/DocGenStyleSheet/README.rtf"/>
		<file from="DocGenUserScripts/DocGenStyleSheet/mgss.xsl" to="DocGenUserScripts/DocGenStyleSheet/mgss.xsl"/>
		<file from="DocGenUserScripts/DocGenStyleSheet/images/SSS.jpg" to="DocGenUserScripts/DocGenStyleSheet/images/SSS.jpg"/>
		<file from="DocGenUserScripts/DocGenStyleSheet/images/ProjectLogo.png" to="DocGenUserScripts/DocGenStyleSheet/images/ProjectLogo.png"/>
		<file from="DocGenUserScripts/Test/MakeParagraph.py" to="DocGenUserScripts/Test/MakeParagraph.py"/>
		<file from="DocGenUserScripts/Test/messaging.py" to="DocGenUserScripts/Test/messaging.py"/>
		<file from="DocGenUserScripts/Test/TestTable.py" to="DocGenUserScripts/Test/TestTable.py"/>
		<file from="DocGenUserScripts/Test/TestTable3.py" to="DocGenUserScripts/Test/TestTable3.py"/>
		<file from="DocGenUserScripts/Test/CF.py" to="DocGenUserScripts/Test/CF.py"/>
		<file from="DocGenUserScripts/Test/qvtvalidationtest.qvtox" to="DocGenUserScripts/Test/qvtvalidationtest.qvtox"/>
		<file from="DocGenUserScripts/Test/qvttest.qvto" to="DocGenUserScripts/Test/qvttest.qvto"/>
		<file from="DocGenUserScripts/Test/ValidationTest.py" to="DocGenUserScripts/Test/ValidationTest.py"/>
		<file from="DocGenUserScripts/Test/TestTable2.py" to="DocGenUserScripts/Test/TestTable2.py"/>
		<file from="DocGenUserScripts/Test/DocGenTest2.groovy" to="DocGenUserScripts/Test/DocGenTest2.groovy"/>
		<file from="DocGenUserScripts/Test/DocGenTest.py" to="DocGenUserScripts/Test/DocGenTest.py"/>
		<file from="DocGenUserScripts/Test/qvtvalidationtest.qvto" to="DocGenUserScripts/Test/qvtvalidationtest.qvto"/>
		<file from="DocGenUserScripts/Test/qvttest.qvtox" to="DocGenUserScripts/Test/qvttest.qvtox"/>
		<file from="DocGenUserScripts/Test/allentest.py" to="DocGenUserScripts/Test/allentest.py"/>
		<file from="DocGenUserScripts/simplejson/encoder.py" to="DocGenUserScripts/simplejson/encoder.py"/>
		<file from="DocGenUserScripts/simplejson/compat.py" to="DocGenUserScripts/simplejson/compat.py"/>
		<file from="DocGenUserScripts/simplejson/decoder.py" to="DocGenUserScripts/simplejson/decoder.py"/>
		<file from="DocGenUserScripts/simplejson/scanner.py" to="DocGenUserScripts/simplejson/scanner.py"/>
		<file from="DocGenUserScripts/simplejson/__init__.py" to="DocGenUserScripts/simplejson/__init__.py"/>
		<file from="DocGenUserScripts/simplejson/tool.py" to="DocGenUserScripts/simplejson/tool.py"/>
		<file from="DocGenUserScripts/simplejson/ordered_dict.py" to="DocGenUserScripts/simplejson/ordered_dict.py"/>
		<file from="DocGenUserScripts/MDUtils/_MDUtils.py" to="DocGenUserScripts/MDUtils/_MDUtils.py"/>
		<file from="DocGenUserScripts/MDUtils/__init__.py" to="DocGenUserScripts/MDUtils/__init__.py"/>
		<file from="DocGenUserScripts/FrameworkImplValidation/ValidateTimeline.py" to="DocGenUserScripts/FrameworkImplValidation/ValidateTimeline.py"/>
		<file from="DocGenUserScripts/FrameworkImplValidation/FixTimeline.py" to="DocGenUserScripts/FrameworkImplValidation/FixTimeline.py"/>
		<file from="DocGenUserScripts/FrameworkImplValidation/RunPackageClone.py" to="DocGenUserScripts/FrameworkImplValidation/RunPackageClone.py"/>
		<file from="DocGenUserScripts/FrameworkImplValidation/OrphanFinal.py" to="DocGenUserScripts/FrameworkImplValidation/OrphanFinal.py"/>
		<file from="DocGenUserScripts/FrameworkImplValidation/PackageClone.py" to="DocGenUserScripts/FrameworkImplValidation/PackageClone.py"/>
		<file from="DocGenUserScripts/FrameworkImplValidation/FrameworkImplValidationFixPackage.py" to="DocGenUserScripts/FrameworkImplValidation/FrameworkImplValidationFixPackage.py"/>
		<file from="DocGenUserScripts/FrameworkImplValidation/ArchitectureEvaluation.py" to="DocGenUserScripts/FrameworkImplValidation/ArchitectureEvaluation.py"/>
		<file from="DocGenUserScripts/FrameworkImplValidation/ValidateFlowPorts.py" to="DocGenUserScripts/FrameworkImplValidation/ValidateFlowPorts.py"/>
		<file from="DocGenUserScripts/FrameworkImplValidation/OrphanFixer.py" to="DocGenUserScripts/FrameworkImplValidation/OrphanFixer.py"/>
		<file from="DocGenUserScripts/FrameworkImplValidation/FixPackage.py" to="DocGenUserScripts/FrameworkImplValidation/FixPackage.py"/>
		<file from="DocGenUserScripts/FrameworkImplValidation/__init__.py" to="DocGenUserScripts/FrameworkImplValidation/__init__.py"/>
		<file from="DocGenUserScripts/FrameworkImplValidation/ValidatePackage.py" to="DocGenUserScripts/FrameworkImplValidation/ValidatePackage.py"/>
		<file from="DocGenUserScripts/SystemsReasoner/SRUtils.py" to="DocGenUserScripts/SystemsReasoner/SRUtils.py"/>
		<file from="DocGenUserScripts/SystemsReasoner/BST.py" to="DocGenUserScripts/SystemsReasoner/BST.py"/>
		<file from="DocGenUserScripts/SystemsReasoner/ValidateStructure.py" to="DocGenUserScripts/SystemsReasoner/ValidateStructure.py"/>
		<file from="DocGenUserScripts/SystemsReasoner/DeSpecialize.py" to="DocGenUserScripts/SystemsReasoner/DeSpecialize.py"/>
		<file from="DocGenUserScripts/SystemsReasoner/Specialize.py" to="DocGenUserScripts/SystemsReasoner/Specialize.py"/>
		<file from="DocGenUserScripts/SystemsReasoner/__init__.py" to="DocGenUserScripts/SystemsReasoner/__init__.py"/>
		<file from="DocGenUserScripts/SystemsReasoner/Validate_Profile.py" to="DocGenUserScripts/SystemsReasoner/Validate_Profile.py"/>
		<file from="DocGenUserScripts/Sanitizer/Clean.py" to="DocGenUserScripts/Sanitizer/Clean.py"/>
		<file from="DocGenUserScripts/Sanitizer/__init__.py" to="DocGenUserScripts/Sanitizer/__init__.py"/>
		<file from="DocGenUserScripts/FrameworkValidation/Profile.py" to="DocGenUserScripts/FrameworkValidation/Profile.py"/>
		<file from="DocGenUserScripts/FrameworkValidation/CreateCustomizationsForStereotypes.py" to="DocGenUserScripts/FrameworkValidation/CreateCustomizationsForStereotypes.py"/>
		<file from="DocGenUserScripts/FrameworkValidation/ProfileUpdate.py" to="DocGenUserScripts/FrameworkValidation/ProfileUpdate.py"/>
		<file from="DocGenUserScripts/FrameworkValidation/DeprecateStereotypes.py" to="DocGenUserScripts/FrameworkValidation/DeprecateStereotypes.py"/>
		<file from="DocGenUserScripts/FrameworkValidation/__init__.py" to="DocGenUserScripts/FrameworkValidation/__init__.py"/>
		<file from="DocGenUserScripts/FrameworkValidation/ProfileValidation.py" to="DocGenUserScripts/FrameworkValidation/ProfileValidation.py"/>
		<file from="DocGenUserScripts/common/GetConnectorList.py" to="DocGenUserScripts/common/GetConnectorList.py"/>
		<file from="DocGenUserScripts/common/GetInterfaceList.py" to="DocGenUserScripts/common/GetInterfaceList.py"/>
		<file from="DocGenUserScripts/common/DocGenAutoOrganize.py" to="DocGenUserScripts/common/DocGenAutoOrganize.py"/>
		<file from="DocGenUserScripts/common/CustomDependencyValidation.py" to="DocGenUserScripts/common/CustomDependencyValidation.py"/>
		<file from="data/resourcemanager/MDR_Plugin_Model_Development_Kit_91110_descriptor.xml" to="data/resourcemanager/MDR_Plugin_Model_Development_Kit_91110_descriptor.xml"/>
		<file from="data/defaults/data/diagrams/Viewpoint Method Diagram/descriptor.xml" to="data/defaults/data/diagrams/Viewpoint Method Diagram/descriptor.xml"/>
		<file from="data/defaults/data/diagrams/DocGen 3 Diagram/descriptor.xml" to="data/defaults/data/diagrams/DocGen 3 Diagram/descriptor.xml"/>
		<file from="data/defaults/data/diagrams/Module Management/descriptor.xml" to="data/defaults/data/diagrams/Module Management/descriptor.xml"/>
		<file from="data/defaults/data/diagrams/DocGen 3 View Diagram/descriptor.xml" to="data/defaults/data/diagrams/DocGen 3 View Diagram/descriptor.xml"/>
		<file from="data/defaults/data/diagrams/View Class Diagram/descriptor.xml" to="data/defaults/data/diagrams/View Class Diagram/descriptor.xml"/>
		<file from="data/defaults/data/diagrams/View Diagram/descriptor.xml" to="data/defaults/data/diagrams/View Diagram/descriptor.xml"/>

        <!-- END AUTO-GENERATED -->
    </installation>
</resourceDescriptor>
