<?xml version="1.0" encoding="UTF-8" standalone="yes"?>
<diagram version="8" type="Viewpoint Method Diagram" baseType="Activity Diagram" abbreviation="VMD" category="MDK">
    <toolbarConfiguration>
        <baseCategory id="COMMON_ELEMENTS_DYNAMIC" parentCategoryID="COMMON_ELEMENTS_DYNAMIC" expandedByDefault="true"/>
        <category name="Common" id="action_category_1326673754018_667011_1" expandedByDefault="true">
            <actions>
                <standard action="ADD_INITIAL_NODE" shortcut="pressed T "/>
                <standard action="ADD_FINAL_NODE" shortcut="pressed D "/>
                <standard action="ADD_FLOW_FINAL_NODE_" shortcut="pressed L "/>
                <custom type="com.nomagic.uml2.ext.magicdraw.activities.mdstructuredactivities.StructuredActivityNode" description="StructuredQuery" listAsElement="false" opposite="false" id="IDaction_1326673811877_323585_0">
                    <stereotype id="_17_0_1_244d03ea_1319512564304_251824_28229"/>
                </custom>
                <custom type="com.nomagic.uml2.ext.magicdraw.classes.mdkernel.Comment" description="Constraint" listAsElement="false" opposite="false" id="IDaction_1378922788177_786380_0">
                    <stereotype id="_17_0_2_3_e81034b_1378851810674_213698_29406"/>
                </custom>
            </actions>
        </category>
        <category name="Collect/Filter/Sort" id="action_category_1326671921803_43207_0" expandedByDefault="true">
            <actions>
                <custom type="com.nomagic.uml2.ext.magicdraw.actions.mdbasicactions.CallBehaviorAction" description="CollectOwnedElements" listAsElement="false" opposite="false" id="IDaction_1326672341991_219226_0">
                    <stereotype id="_17_0_1_244d03ea_1319490805237_397889_23292"/>
                </custom>
                <custom type="com.nomagic.uml2.ext.magicdraw.actions.mdbasicactions.CallBehaviorAction" description="CollectThingsOnDiagram" listAsElement="false" opposite="false" id="IDaction_1326672435951_19107_0">
                    <stereotype id="_17_0_1_22b603cd_1319577320837_597116_24044"/>
                </custom>
                <custom type="com.nomagic.uml2.ext.magicdraw.actions.mdbasicactions.CallBehaviorAction" description="CollectOwners" listAsElement="false" opposite="false" id="IDaction_1326672366651_399395_0">
                    <stereotype id="_17_0_1_244d03ea_1319491813759_405316_23859"/>
                </custom>
                <custom type="com.nomagic.uml2.ext.magicdraw.actions.mdbasicactions.CallBehaviorAction" description="CollectByStereotypeProperties" listAsElement="false" opposite="false" id="IDaction_1326672385889_921799_0">
                    <stereotype id="_17_0_1_244d03ea_1319490856319_735016_23345"/>
                </custom>
                <custom type="com.nomagic.uml2.ext.magicdraw.actions.mdbasicactions.CallBehaviorAction" description="CollectByDirectedRelationshipMetaclasses" listAsElement="false" opposite="false" id="IDaction_1326672288677_273976_0">
                    <stereotype id="_17_0_1_244d03ea_1319490696098_585884_23244"/>
                </custom>
                <custom type="com.nomagic.uml2.ext.magicdraw.actions.mdbasicactions.CallBehaviorAction" description="CollectByDirectedRelationshipStereotypes" listAsElement="false" opposite="false" id="IDaction_1326672318197_950605_0">
                    <stereotype id="_17_0_1_244d03ea_1319490675924_494597_23220"/>
                </custom>
                <custom type="com.nomagic.uml2.ext.magicdraw.actions.mdbasicactions.CallBehaviorAction" description="CollectByAssociation" listAsElement="false" opposite="false" id="IDaction_1326672404969_65545_0">
                    <stereotype id="_17_0_1_244d03ea_1319490838789_76536_23321"/>
                </custom>
                <custom type="com.nomagic.uml2.ext.magicdraw.actions.mdbasicactions.CallBehaviorAction" description="CollectTypes" listAsElement="false" opposite="false" id="IDaction_1326672472277_656618_0">
                    <stereotype id="_17_0_1_244d03ea_1319490870282_714178_23369"/>
                </custom>
                <custom type="com.nomagic.uml2.ext.magicdraw.actions.mdbasicactions.CallBehaviorAction" description="CollectClassifierAttributes" listAsElement="false" opposite="false" id="IDaction_1346954947889_19209_0">
                    <stereotype id="_17_0_5_407019f_1346952773459_128964_11915"/>
                </custom>
                <custom type="com.nomagic.uml2.ext.magicdraw.actions.mdbasicactions.CallBehaviorAction" description="CollectByExpression" listAsElement="false" opposite="false" id="IDaction_1378920013500_356854_0">
                    <stereotype id="_17_0_2_3_e81034b_1378849795852_475880_29502"/>
                </custom>
                <custom type="com.nomagic.uml2.ext.magicdraw.actions.mdbasicactions.CallBehaviorAction" description="FilterByDiagramType" listAsElement="false" opposite="false" id="IDaction_1326672049545_427478_0">
                    <stereotype id="_17_0_1_244d03ea_1319490921274_829705_23417"/>
                </custom>
                <custom type="com.nomagic.uml2.ext.magicdraw.actions.mdbasicactions.CallBehaviorAction" description="FilterByNames" listAsElement="false" opposite="false" id="IDaction_1326672167852_128180_0">
                    <stereotype id="_17_0_1_244d03ea_1319490607459_890787_23148"/>
                </custom>
                <custom type="com.nomagic.uml2.ext.magicdraw.actions.mdbasicactions.CallBehaviorAction" description="FilterByMetaclasses" listAsElement="false" opposite="false" id="IDaction_1326672207925_643654_0">
                    <stereotype id="_17_0_1_244d03ea_1319490658057_783239_23196"/>
                </custom>
                <custom type="com.nomagic.uml2.ext.magicdraw.actions.mdbasicactions.CallBehaviorAction" description="FilterByStereotypes" listAsElement="false" opposite="false" id="IDaction_1326672241831_404844_0">
                    <stereotype id="_17_0_1_244d03ea_1319490639053_446661_23172"/>
                </custom>
                <custom type="com.nomagic.uml2.ext.magicdraw.actions.mdbasicactions.CallBehaviorAction" description="FilterByExpression" listAsElement="false" opposite="false" id="IDaction_1378920038691_689746_0">
                    <stereotype id="_17_0_2_3_e81034b_1378849355455_639118_29417"/>
                </custom>
                <custom type="com.nomagic.uml2.ext.magicdraw.actions.mdbasicactions.CallBehaviorAction" description="SortByAttribute" listAsElement="false" opposite="false" id="IDaction_1377889783964_878908_0">
                    <stereotype id="_17_0_2_3_407019f_1377878750778_198079_29401"/>
                </custom>
                <custom type="com.nomagic.uml2.ext.magicdraw.actions.mdbasicactions.CallBehaviorAction" description="SortByProperty" listAsElement="false" opposite="false" id="IDaction_1377889852071_667259_0">
                    <stereotype id="_17_0_2_3_407019f_1377878719961_37575_29374"/>
                </custom>
                <custom type="com.nomagic.uml2.ext.magicdraw.actions.mdbasicactions.CallBehaviorAction" description="SortByExpression" listAsElement="false" opposite="false" id="IDaction_1377889875293_280142_0">
                    <stereotype id="_17_0_2_3_407019f_1377881591361_754431_29966"/>
                </custom>
                <custom type="com.nomagic.uml2.ext.magicdraw.actions.mdbasicactions.CallBehaviorAction" description="RemoveDuplicates" listAsElement="false" opposite="false" id="IDaction_1326672820748_528408_0">
                    <stereotype id="_17_0_1_244d03ea_1319490880431_889010_23393"/>
                </custom>
                <custom type="com.nomagic.uml2.ext.magicdraw.actions.mdbasicactions.CallBehaviorAction" description="Collect/Filter UserScript" listAsElement="false" opposite="false" id="IDaction_1336585445662_130383_0"/>
                <custom type="com.nomagic.uml2.ext.magicdraw.activities.mdintermediateactivities.ForkNode" description="Parallel" listAsElement="false" opposite="false" id="IDaction_1326672524770_974726_0">
                    <stereotype id="_17_0_1_244d03ea_1319490721410_468874_23268"/>
                </custom>
                <custom type="com.nomagic.uml2.ext.magicdraw.activities.mdintermediateactivities.JoinNode" description="Intersection" listAsElement="false" opposite="false" id="IDaction_1326672552704_532622_0">
                    <stereotype id="_17_0_1_24c603f9_1318965749289_636288_15241"/>
                </custom>
                <custom type="com.nomagic.uml2.ext.magicdraw.activities.mdintermediateactivities.MergeNode" description="Union" listAsElement="false" opposite="false" id="IDaction_1326672581257_447572_0">
                    <stereotype id="_17_0_1_24c603f9_1318965764947_847626_15265"/>
                </custom>
                <custom type="com.nomagic.uml2.ext.magicdraw.activities.mdintermediateactivities.DecisionNode" description="XOR" listAsElement="false" opposite="false" id="IDaction_1358446281260_731052_0">
                    <stereotype id="_17_0_2_1_407019f_1358445062164_196970_12977"/>
                </custom>
            </actions>
        </category>
        <category name="Table Structure" id="action_category_1375479517681_1829_1" expandedByDefault="true">
            <actions>
                <custom type="com.nomagic.uml2.ext.magicdraw.activities.mdstructuredactivities.StructuredActivityNode" description="TableStructure" listAsElement="false" opposite="false" id="IDaction_1375479598910_216457_0">
                    <stereotype id="_17_0_2_3_eac0346_1374701945748_238477_29309"/>
                </custom>
                <custom type="com.nomagic.uml2.ext.magicdraw.activities.mdstructuredactivities.StructuredActivityNode" description="TableColumnGroup" listAsElement="false" opposite="false" id="IDaction_1392936426911_728447_0">
                    <stereotype id="_17_0_2_3_407019f_1392933505529_270043_29089"/>
                </custom>
                <group>
                    <custom type="com.nomagic.uml2.ext.magicdraw.actions.mdbasicactions.CallBehaviorAction" description="TableExpressionColumn" listAsElement="false" opposite="false" id="IDaction_1377890109777_395711_0">
                        <stereotype id="_17_0_2_3_e9f034d_1375474838719_217024_29345"/>
                    </custom>
                    <custom type="com.nomagic.uml2.ext.magicdraw.activities.mdstructuredactivities.StructuredActivityNode" description="TableExpressionColumn" listAsElement="false" opposite="false" id="IDaction_1377890131053_89725_0">
                        <stereotype id="_17_0_2_3_e9f034d_1375474838719_217024_29345"/>
                    </custom>
                </group>
                <group>
                    <custom type="com.nomagic.uml2.ext.magicdraw.actions.mdbasicactions.CallBehaviorAction" description="TablePropertyColumn" listAsElement="false" opposite="false" id="IDaction_1377890067929_537024_0">
                        <stereotype id="_17_0_2_3_eac0346_1374702066208_763130_29330"/>
                    </custom>
                    <custom type="com.nomagic.uml2.ext.magicdraw.activities.mdstructuredactivities.StructuredActivityNode" description="TablePropertyColumn" listAsElement="false" opposite="false" id="IDaction_1377890083602_534828_0">
                        <stereotype id="_17_0_2_3_eac0346_1374702066208_763130_29330"/>
                    </custom>
                </group>
                <group>
                    <custom type="com.nomagic.uml2.ext.magicdraw.actions.mdbasicactions.CallBehaviorAction" description="TableAttributeColumn" listAsElement="false" opposite="false" id="IDaction_1377890016488_750848_0">
                        <stereotype id="_17_0_2_3_407019f_1375477696989_696093_29350"/>
                    </custom>
                    <custom type="com.nomagic.uml2.ext.magicdraw.activities.mdstructuredactivities.StructuredActivityNode" description="TableAttributeColumn" listAsElement="false" opposite="false" id="IDaction_1377890039484_622192_0">
                        <stereotype id="_17_0_2_3_407019f_1375477696989_696093_29350"/>
                    </custom>
                </group>
            </actions>
        </category>
        <category name="Templates" id="action_category_1326673608860_693478_0" expandedByDefault="true">
            <actions>
                <custom type="com.nomagic.uml2.ext.magicdraw.actions.mdbasicactions.CallBehaviorAction" description="Paragraph" listAsElement="false" opposite="false" id="IDaction_1326673837268_353562_0">
                    <stereotype id="_17_0_1_244d03ea_1319496280368_246829_25514"/>
                </custom>
                <custom type="com.nomagic.uml2.ext.magicdraw.actions.mdbasicactions.CallBehaviorAction" description="Image" listAsElement="false" opposite="false" id="IDaction_1326673855887_679994_0">
                    <stereotype id="_17_0_1_244d03ea_1319496302084_771803_25570"/>
                </custom>
                <custom type="com.nomagic.uml2.ext.magicdraw.actions.mdbasicactions.CallBehaviorAction" description="BulletedList" listAsElement="false" opposite="false" id="IDaction_1326673869813_242529_0">
                    <stereotype id="_17_0_1_244d03ea_1319496225382_275996_25443"/>
                </custom>
                <custom type="com.nomagic.uml2.ext.magicdraw.actions.mdbasicactions.CallBehaviorAction" description="ViewpointConstraint" listAsElement="false" opposite="false" id="IDaction_1383599191103_493373_0">
                    <stereotype id="_17_0_2_3_407019f_1383246724224_41450_29079"/>
                </custom>
                <custom type="com.nomagic.uml2.ext.magicdraw.actions.mdbasicactions.CallBehaviorAction" description="CombinedMatrix [Dep.]" listAsElement="false" opposite="false" id="IDaction_1326673898547_833383_0">
                    <stereotype id="_17_0_1_244d03ea_1319497133286_670328_26584"/>
                </custom>
                <custom type="com.nomagic.uml2.ext.magicdraw.actions.mdbasicactions.CallBehaviorAction" description="GenericTable [Dep.]" listAsElement="false" opposite="false" id="IDaction_1326673915972_347362_0">
                    <stereotype id="_17_0_1_244d03ea_1319498258297_961829_27083"/>
                </custom>
                <custom type="com.nomagic.uml2.ext.magicdraw.actions.mdbasicactions.CallBehaviorAction" description="PropertiesTableByAttributes" listAsElement="false" opposite="false" id="IDaction_1326673932826_551943_0">
                    <stereotype id="_17_0_1_407019f_1326235066484_404532_2489"/>
                </custom>
                <custom type="com.nomagic.uml2.ext.magicdraw.actions.mdbasicactions.CallBehaviorAction" description="Simulate" listAsElement="false" opposite="false" id="IDaction_1486492071543_659574_0"/>
                <custom type="com.nomagic.uml2.ext.magicdraw.actions.mdbasicactions.CallBehaviorAction" description="Other (like UserScripts)" listAsElement="false" opposite="false" id="IDaction_1326673971333_365712_0"/>
            </actions>
        </category>
    </toolbarConfiguration>
    <module name="SysML Extensions.mdxml" location="/Users/igomes/mdk/build/install/profiles/SysML Extensions.mdxml">
        <root id="_17_0_1_2_8c20286_1339022620435_958581_14857"/>
    </module>
    <module name="UML_Standard_Profile.mdzip" location="/Users/igomes/mdk/build/install/profiles/UML_Standard_Profile.mdzip">
        <root id="magicdraw_uml_standard_profile_v_0001"/>
    </module>
    <manipulators>
        <element>com.nomagic.uml2.ext.magicdraw.actions.mdbasicactions.CallBehaviorAction</element>
        <path action="ADD_CONTROL_FLOW">
            <target>ADD_CALL_BEHAVIOR_ACTION</target>
            <target>ADD_DECISION_NODE</target>
            <target>ADD_MERGE_NODE</target>
            <target>ADD_JOIN_NODE_HORIZONTAL</target>
            <target>ADD_FORK_NODE_HORIZONTAL</target>
            <target>ADD_CALL_OPERATION_ACTION</target>
            <target>ADD_FINAL_NODE</target>
            <target>ADD_FLOW_FINAL_NODE_</target>
            <target>ADD_STRUCTURED_ACTIVITY_NODE</target>
        </path>
        <path action="ADD_DEPENDENCY"/>
        <path action="ADD_NOTE_ANCHOR">
            <target>ADD_NOTE</target>
            <target>ADD_HTML_NOTE</target>
            <target>ADD_COMMENT</target>
            <target>ADD_HTML_COMMENT</target>
        </path>
    </manipulators>
    <manipulators>
        <element>com.nomagic.uml2.ext.magicdraw.activities.mdintermediateactivities.ForkNode</element>
        <path action="ADD_CONTROL_FLOW">
            <target>ADD_CALL_BEHAVIOR_ACTION</target>
            <target>ADD_DECISION_NODE</target>
            <target>ADD_MERGE_NODE</target>
            <target>ADD_JOIN_NODE_HORIZONTAL</target>
            <target>ADD_FORK_NODE_HORIZONTAL</target>
            <target>ADD_CALL_OPERATION_ACTION</target>
            <target>ADD_FINAL_NODE</target>
            <target>ADD_FLOW_FINAL_NODE_</target>
            <target>ADD_STRUCTURED_ACTIVITY_NODE</target>
        </path>
        <path action="ADD_NOTE_ANCHOR">
            <target>ADD_NOTE</target>
            <target>ADD_HTML_NOTE</target>
        </path>
    </manipulators>
    <manipulators>
        <element>com.nomagic.uml2.ext.magicdraw.activities.mdintermediateactivities.JoinNode</element>
        <path action="ADD_CONTROL_FLOW">
            <target>ADD_CALL_BEHAVIOR_ACTION</target>
            <target>ADD_DECISION_NODE</target>
            <target>ADD_MERGE_NODE</target>
            <target>ADD_JOIN_NODE_HORIZONTAL</target>
            <target>ADD_FORK_NODE_HORIZONTAL</target>
            <target>ADD_CALL_OPERATION_ACTION</target>
            <target>ADD_FINAL_NODE</target>
            <target>ADD_FLOW_FINAL_NODE_</target>
            <target>ADD_STRUCTURED_ACTIVITY_NODE</target>
        </path>
        <path action="ADD_NOTE_ANCHOR">
            <target>ADD_NOTE</target>
            <target>ADD_HTML_NOTE</target>
        </path>
    </manipulators>
    <manipulators>
        <element>com.nomagic.uml2.ext.magicdraw.activities.mdintermediateactivities.MergeNode</element>
        <path action="ADD_CONTROL_FLOW">
            <target>ADD_CALL_BEHAVIOR_ACTION</target>
            <target>ADD_DECISION_NODE</target>
            <target>ADD_MERGE_NODE</target>
            <target>ADD_JOIN_NODE_HORIZONTAL</target>
            <target>ADD_FORK_NODE_HORIZONTAL</target>
            <target>ADD_CALL_OPERATION_ACTION</target>
            <target>ADD_FINAL_NODE</target>
            <target>ADD_FLOW_FINAL_NODE_</target>
            <target>ADD_STRUCTURED_ACTIVITY_NODE</target>
        </path>
        <path action="ADD_NOTE_ANCHOR">
            <target>ADD_NOTE</target>
            <target>ADD_HTML_NOTE</target>
            <target>ADD_COMMENT</target>
            <target>ADD_HTML_COMMENT</target>
        </path>
    </manipulators>
    <manipulators>
        <element>com.nomagic.uml2.ext.magicdraw.activities.mdstructuredactivities.StructuredActivityNode</element>
        <path action="ADD_DEPENDENCY"/>
        <path action="ADD_CONTROL_FLOW">
            <target>ADD_CALL_BEHAVIOR_ACTION</target>
            <target>ADD_DECISION_NODE</target>
            <target>ADD_MERGE_NODE</target>
            <target>ADD_JOIN_NODE_HORIZONTAL</target>
            <target>ADD_FORK_NODE_HORIZONTAL</target>
            <target>ADD_CALL_OPERATION_ACTION</target>
            <target>ADD_FINAL_NODE</target>
            <target>ADD_FLOW_FINAL_NODE_</target>
            <target>ADD_STRUCTURED_ACTIVITY_NODE</target>
        </path>
        <path action="ADD_NOTE_ANCHOR">
            <target>ADD_NOTE</target>
            <target>ADD_HTML_NOTE</target>
            <target>ADD_COMMENT</target>
            <target>ADD_HTML_COMMENT</target>
        </path>
    </manipulators>
</diagram>
