<?xml version="1.0" encoding="UTF-8" standalone="yes"?>
<diagram abbreviation="VMD" baseType="Activity Diagram" category="MDK" type="Viewpoint Method Diagram" version="7">
    <toolbarConfiguration>
        <baseCategory expandedByDefault="true" id="COMMON_ELEMENTS_DYNAMIC" parentCategoryID="COMMON_ELEMENTS_DYNAMIC"/>
        <category expandedByDefault="true" id="action_category_1326673754018_667011_1" name="Common">
            <actions>
                <standard action="ADD_INITIAL_NODE" shortcut="pressed T "/>
                <standard action="ADD_FINAL_NODE" shortcut="pressed D "/>
                <standard action="ADD_FLOW_FINAL_NODE_" shortcut="pressed L "/>
                <custom description="StructuredQuery" id="IDaction_1326673811877_323585_0" listAsElement="false" type="com.nomagic.uml2.ext.magicdraw.activities.mdstructuredactivities.StructuredActivityNode">
                    <stereotype id="_17_0_1_244d03ea_1319512564304_251824_28229"/>
                    <defaults>
                        <PropertyVisitorAcceptor xmlns:xmi="http://www.omg.org/spec/XMI/20110701">
                            <mdElement elementClass="PropertyManager">
                                <propertyManagerID>_17_0_3_244d03ea_1326674039615_227913_16224</propertyManagerID>
                            </mdElement>
                        </PropertyVisitorAcceptor>
                    </defaults>
                </custom>
                <custom description="Constraint" id="IDaction_1378922788177_786380_0" listAsElement="false" type="com.nomagic.uml2.ext.magicdraw.classes.mdkernel.Comment">
                    <stereotype id="_17_0_2_3_e81034b_1378851810674_213698_29406"/>
                    <defaults>
                        <PropertyVisitorAcceptor xmlns:xmi="http://www.omg.org/spec/XMI/20110701">
                            <mdElement elementClass="PropertyManager"/>
                        </PropertyVisitorAcceptor>
                    </defaults>
                </custom>
            </actions>
        </category>
        <category expandedByDefault="true" id="action_category_1326671921803_43207_0" name="Collect/Filter/Sort">
            <actions>
                <custom description="CollectOwnedElements" id="IDaction_1326672341991_219226_0" listAsElement="false" type="com.nomagic.uml2.ext.magicdraw.actions.mdbasicactions.CallBehaviorAction">
                    <stereotype id="_17_0_1_244d03ea_1319490805237_397889_23292"/>
                    <defaults>
                        <PropertyVisitorAcceptor xmlns:xmi="http://www.omg.org/spec/XMI/20110701">
                            <mdElement elementClass="PropertyManager"/>
                        </PropertyVisitorAcceptor>
                    </defaults>
                </custom>
                <custom description="CollectThingsOnDiagram" id="IDaction_1326672435951_19107_0" listAsElement="false" type="com.nomagic.uml2.ext.magicdraw.actions.mdbasicactions.CallBehaviorAction">
                    <stereotype id="_17_0_1_22b603cd_1319577320837_597116_24044"/>
                    <defaults>
                        <PropertyVisitorAcceptor xmlns:xmi="http://www.omg.org/spec/XMI/20110701">
                            <mdElement elementClass="PropertyManager">
                                <propertyManagerID>_17_0_3_244d03ea_1326673370475_341756_16193</propertyManagerID>
                            </mdElement>
                        </PropertyVisitorAcceptor>
                    </defaults>
                </custom>
                <custom description="CollectOwners" id="IDaction_1326672366651_399395_0" listAsElement="false" type="com.nomagic.uml2.ext.magicdraw.actions.mdbasicactions.CallBehaviorAction">
                    <stereotype id="_17_0_1_244d03ea_1319491813759_405316_23859"/>
                    <defaults>
                        <PropertyVisitorAcceptor xmlns:xmi="http://www.omg.org/spec/XMI/20110701">
                            <mdElement elementClass="PropertyManager"/>
                        </PropertyVisitorAcceptor>
                    </defaults>
                </custom>
                <custom description="CollectByStereotypeProperties" id="IDaction_1326672385889_921799_0" listAsElement="false" type="com.nomagic.uml2.ext.magicdraw.actions.mdbasicactions.CallBehaviorAction">
                    <stereotype id="_17_0_1_244d03ea_1319490856319_735016_23345"/>
                    <defaults>
                        <PropertyVisitorAcceptor xmlns:xmi="http://www.omg.org/spec/XMI/20110701">
                            <mdElement elementClass="PropertyManager">
                                <propertyManagerID>_17_0_3_244d03ea_1326673370476_414963_16195</propertyManagerID>
                            </mdElement>
                        </PropertyVisitorAcceptor>
                    </defaults>
                </custom>
                <custom description="CollectByDirectedRelationshipMetaclasses" id="IDaction_1326672288677_273976_0" listAsElement="false" type="com.nomagic.uml2.ext.magicdraw.actions.mdbasicactions.CallBehaviorAction">
                    <stereotype id="_17_0_1_244d03ea_1319490696098_585884_23244"/>
                    <defaults>
                        <PropertyVisitorAcceptor xmlns:xmi="http://www.omg.org/spec/XMI/20110701">
                            <mdElement elementClass="PropertyManager">
                                <propertyManagerID>_17_0_3_244d03ea_1326673370477_194305_16196</propertyManagerID>
                            </mdElement>
                        </PropertyVisitorAcceptor>
                    </defaults>
                </custom>
                <custom description="CollectByDirectedRelationshipStereotypes" id="IDaction_1326672318197_950605_0" listAsElement="false" type="com.nomagic.uml2.ext.magicdraw.actions.mdbasicactions.CallBehaviorAction">
                    <stereotype id="_17_0_1_244d03ea_1319490675924_494597_23220"/>
                    <defaults>
                        <PropertyVisitorAcceptor xmlns:xmi="http://www.omg.org/spec/XMI/20110701">
                            <mdElement elementClass="PropertyManager">
                                <propertyManagerID>_17_0_3_244d03ea_1326673370477_153155_16197</propertyManagerID>
                            </mdElement>
                        </PropertyVisitorAcceptor>
                    </defaults>
                </custom>
                <custom description="CollectByAssociation" id="IDaction_1326672404969_65545_0" listAsElement="false" type="com.nomagic.uml2.ext.magicdraw.actions.mdbasicactions.CallBehaviorAction">
                    <stereotype id="_17_0_1_244d03ea_1319490838789_76536_23321"/>
                    <defaults>
                        <PropertyVisitorAcceptor xmlns:xmi="http://www.omg.org/spec/XMI/20110701">
                            <mdElement elementClass="PropertyManager">
                                <propertyManagerID>_17_0_3_244d03ea_1326673370477_499488_16198</propertyManagerID>
                            </mdElement>
                        </PropertyVisitorAcceptor>
                    </defaults>
                </custom>
                <custom description="CollectTypes" id="IDaction_1326672472277_656618_0" listAsElement="false" type="com.nomagic.uml2.ext.magicdraw.actions.mdbasicactions.CallBehaviorAction">
                    <stereotype id="_17_0_1_244d03ea_1319490870282_714178_23369"/>
                    <defaults>
                        <PropertyVisitorAcceptor xmlns:xmi="http://www.omg.org/spec/XMI/20110701">
                            <mdElement elementClass="PropertyManager"/>
                        </PropertyVisitorAcceptor>
                    </defaults>
                </custom>
                <custom description="CollectClassifierAttributes" id="IDaction_1346954947889_19209_0" listAsElement="false" type="com.nomagic.uml2.ext.magicdraw.actions.mdbasicactions.CallBehaviorAction">
                    <stereotype id="_17_0_5_407019f_1346952773459_128964_11915"/>
                    <defaults>
                        <PropertyVisitorAcceptor xmlns:xmi="http://www.omg.org/spec/XMI/20110701">
                            <mdElement elementClass="PropertyManager"/>
                        </PropertyVisitorAcceptor>
                    </defaults>
                </custom>
                <custom description="CollectByExpression" id="IDaction_1378920013500_356854_0" listAsElement="false" type="com.nomagic.uml2.ext.magicdraw.actions.mdbasicactions.CallBehaviorAction">
                    <stereotype id="_17_0_2_3_e81034b_1378849795852_475880_29502"/>
                    <defaults>
                        <PropertyVisitorAcceptor xmlns:xmi="http://www.omg.org/spec/XMI/20110701">
                            <mdElement elementClass="PropertyManager"/>
                        </PropertyVisitorAcceptor>
                    </defaults>
                </custom>
                <custom description="FilterByDiagramType" id="IDaction_1326672049545_427478_0" listAsElement="false" type="com.nomagic.uml2.ext.magicdraw.actions.mdbasicactions.CallBehaviorAction">
                    <stereotype id="_17_0_1_244d03ea_1319490921274_829705_23417"/>
                    <defaults>
                        <PropertyVisitorAcceptor xmlns:xmi="http://www.omg.org/spec/XMI/20110701">
                            <mdElement elementClass="PropertyManager">
                                <propertyManagerID>_17_0_3_244d03ea_1326673370478_258826_16200</propertyManagerID>
                            </mdElement>
                        </PropertyVisitorAcceptor>
                    </defaults>
                </custom>
                <custom description="FilterByNames" id="IDaction_1326672167852_128180_0" listAsElement="false" type="com.nomagic.uml2.ext.magicdraw.actions.mdbasicactions.CallBehaviorAction">
                    <stereotype id="_17_0_1_244d03ea_1319490607459_890787_23148"/>
                    <defaults>
                        <PropertyVisitorAcceptor xmlns:xmi="http://www.omg.org/spec/XMI/20110701">
                            <mdElement elementClass="PropertyManager">
                                <propertyManagerID>_17_0_3_244d03ea_1326673370478_57771_16201</propertyManagerID>
                            </mdElement>
                        </PropertyVisitorAcceptor>
                    </defaults>
                </custom>
                <custom description="FilterByMetaclasses" id="IDaction_1326672207925_643654_0" listAsElement="false" type="com.nomagic.uml2.ext.magicdraw.actions.mdbasicactions.CallBehaviorAction">
                    <stereotype id="_17_0_1_244d03ea_1319490658057_783239_23196"/>
                    <defaults>
                        <PropertyVisitorAcceptor xmlns:xmi="http://www.omg.org/spec/XMI/20110701">
                            <mdElement elementClass="PropertyManager">
                                <propertyManagerID>_17_0_3_244d03ea_1326673370479_571288_16202</propertyManagerID>
                            </mdElement>
                        </PropertyVisitorAcceptor>
                    </defaults>
                </custom>
                <custom description="FilterByStereotypes" id="IDaction_1326672241831_404844_0" listAsElement="false" type="com.nomagic.uml2.ext.magicdraw.actions.mdbasicactions.CallBehaviorAction">
                    <stereotype id="_17_0_1_244d03ea_1319490639053_446661_23172"/>
                    <defaults>
                        <PropertyVisitorAcceptor xmlns:xmi="http://www.omg.org/spec/XMI/20110701">
                            <mdElement elementClass="PropertyManager">
                                <propertyManagerID>_17_0_3_244d03ea_1326673370479_350723_16203</propertyManagerID>
                            </mdElement>
                        </PropertyVisitorAcceptor>
                    </defaults>
                </custom>
                <custom description="FilterByExpression" id="IDaction_1378920038691_689746_0" listAsElement="false" type="com.nomagic.uml2.ext.magicdraw.actions.mdbasicactions.CallBehaviorAction">
                    <stereotype id="_17_0_2_3_e81034b_1378849355455_639118_29417"/>
                    <defaults>
                        <PropertyVisitorAcceptor xmlns:xmi="http://www.omg.org/spec/XMI/20110701">
                            <mdElement elementClass="PropertyManager"/>
                        </PropertyVisitorAcceptor>
                    </defaults>
                </custom>
                <custom description="SortByAttribute" id="IDaction_1377889783964_878908_0" listAsElement="false" type="com.nomagic.uml2.ext.magicdraw.actions.mdbasicactions.CallBehaviorAction">
                    <stereotype id="_17_0_2_3_407019f_1377878750778_198079_29401"/>
                    <defaults>
                        <PropertyVisitorAcceptor xmlns:xmi="http://www.omg.org/spec/XMI/20110701">
                            <mdElement elementClass="PropertyManager"/>
                        </PropertyVisitorAcceptor>
                    </defaults>
                </custom>
                <custom description="SortByProperty" id="IDaction_1377889852071_667259_0" listAsElement="false" type="com.nomagic.uml2.ext.magicdraw.actions.mdbasicactions.CallBehaviorAction">
                    <stereotype id="_17_0_2_3_407019f_1377878719961_37575_29374"/>
                    <defaults>
                        <PropertyVisitorAcceptor xmlns:xmi="http://www.omg.org/spec/XMI/20110701">
                            <mdElement elementClass="PropertyManager"/>
                        </PropertyVisitorAcceptor>
                    </defaults>
                </custom>
                <custom description="SortByExpression" id="IDaction_1377889875293_280142_0" listAsElement="false" type="com.nomagic.uml2.ext.magicdraw.actions.mdbasicactions.CallBehaviorAction">
                    <stereotype id="_17_0_2_3_407019f_1377881591361_754431_29966"/>
                    <defaults>
                        <PropertyVisitorAcceptor xmlns:xmi="http://www.omg.org/spec/XMI/20110701">
                            <mdElement elementClass="PropertyManager"/>
                        </PropertyVisitorAcceptor>
                    </defaults>
                </custom>
                <custom description="RemoveDuplicates" id="IDaction_1326672820748_528408_0" listAsElement="false" type="com.nomagic.uml2.ext.magicdraw.actions.mdbasicactions.CallBehaviorAction">
                    <stereotype id="_17_0_1_244d03ea_1319490880431_889010_23393"/>
                    <defaults>
                        <PropertyVisitorAcceptor xmlns:xmi="http://www.omg.org/spec/XMI/20110701">
                            <mdElement elementClass="PropertyManager">
                                <propertyManagerID>_17_0_3_244d03ea_1326673370479_705556_16204</propertyManagerID>
                            </mdElement>
                        </PropertyVisitorAcceptor>
                    </defaults>
                </custom>
                <custom description="Collect/Filter UserScript" id="IDaction_1336585445662_130383_0" listAsElement="false" type="com.nomagic.uml2.ext.magicdraw.actions.mdbasicactions.CallBehaviorAction">
                    <defaults>
                        <PropertyVisitorAcceptor xmlns:xmi="http://www.omg.org/spec/XMI/20110701">
                            <mdElement elementClass="PropertyManager"/>
                        </PropertyVisitorAcceptor>
                    </defaults>
                </custom>
                <custom description="Parallel" id="IDaction_1326672524770_974726_0" listAsElement="false" type="com.nomagic.uml2.ext.magicdraw.activities.mdintermediateactivities.ForkNode">
                    <stereotype id="_17_0_1_244d03ea_1319490721410_468874_23268"/>
                    <defaults>
                        <PropertyVisitorAcceptor xmlns:xmi="http://www.omg.org/spec/XMI/20110701">
                            <mdElement elementClass="PropertyManager">
                                <propertyManagerID>_17_0_3_244d03ea_1326673370479_99496_16205</propertyManagerID>
                            </mdElement>
                        </PropertyVisitorAcceptor>
                    </defaults>
                </custom>
                <custom description="Intersection" id="IDaction_1326672552704_532622_0" listAsElement="false" type="com.nomagic.uml2.ext.magicdraw.activities.mdintermediateactivities.JoinNode">
                    <stereotype id="_17_0_1_24c603f9_1318965749289_636288_15241"/>
                    <defaults>
                        <PropertyVisitorAcceptor xmlns:xmi="http://www.omg.org/spec/XMI/20110701">
                            <mdElement elementClass="PropertyManager">
                                <propertyManagerID>_17_0_3_244d03ea_1326673370480_245933_16206</propertyManagerID>
                            </mdElement>
                        </PropertyVisitorAcceptor>
                    </defaults>
                </custom>
                <custom description="Union" id="IDaction_1326672581257_447572_0" listAsElement="false" type="com.nomagic.uml2.ext.magicdraw.activities.mdintermediateactivities.MergeNode">
                    <stereotype id="_17_0_1_24c603f9_1318965764947_847626_15265"/>
                    <defaults>
                        <PropertyVisitorAcceptor xmlns:xmi="http://www.omg.org/spec/XMI/20110701">
                            <mdElement elementClass="PropertyManager">
                                <propertyManagerID>_17_0_3_244d03ea_1326673370480_823110_16207</propertyManagerID>
                            </mdElement>
                        </PropertyVisitorAcceptor>
                    </defaults>
                </custom>
                <custom description="XOR" id="IDaction_1358446281260_731052_0" listAsElement="false" type="com.nomagic.uml2.ext.magicdraw.activities.mdintermediateactivities.DecisionNode">
                    <stereotype id="_17_0_2_1_407019f_1358445062164_196970_12977"/>
                    <defaults>
                        <PropertyVisitorAcceptor xmlns:xmi="http://www.omg.org/spec/XMI/20110701">
                            <mdElement elementClass="PropertyManager"/>
                        </PropertyVisitorAcceptor>
                    </defaults>
                </custom>
            </actions>
        </category>
        <category expandedByDefault="true" id="action_category_1375479517681_1829_1" name="Table Structure">
            <actions>
                <custom description="TableStructure" id="IDaction_1375479598910_216457_0" listAsElement="false" type="com.nomagic.uml2.ext.magicdraw.activities.mdstructuredactivities.StructuredActivityNode">
                    <stereotype id="_17_0_2_3_eac0346_1374701945748_238477_29309"/>
                    <defaults>
                        <PropertyVisitorAcceptor xmlns:xmi="http://www.omg.org/spec/XMI/20110701">
                            <mdElement elementClass="PropertyManager"/>
                        </PropertyVisitorAcceptor>
                    </defaults>
                </custom>
                <custom description="TableColumnGroup" id="IDaction_1392936426911_728447_0" listAsElement="false" type="com.nomagic.uml2.ext.magicdraw.activities.mdstructuredactivities.StructuredActivityNode">
                    <stereotype id="_17_0_2_3_407019f_1392933505529_270043_29089"/>
                    <defaults>
                        <PropertyVisitorAcceptor xmlns:xmi="http://www.omg.org/spec/XMI/20110701">
                            <mdElement elementClass="PropertyManager"/>
                        </PropertyVisitorAcceptor>
                    </defaults>
                </custom>
                <group>
                    <custom description="TableExpressionColumn" id="IDaction_1377890109777_395711_0" listAsElement="false" type="com.nomagic.uml2.ext.magicdraw.actions.mdbasicactions.CallBehaviorAction">
                        <stereotype id="_17_0_2_3_e9f034d_1375474838719_217024_29345"/>
                        <defaults>
                            <PropertyVisitorAcceptor xmlns:xmi="http://www.omg.org/spec/XMI/20110701">
                                <mdElement elementClass="PropertyManager"/>
                            </PropertyVisitorAcceptor>
                        </defaults>
                    </custom>
                    <custom description="TableExpressionColumn" id="IDaction_1377890131053_89725_0" listAsElement="false" type="com.nomagic.uml2.ext.magicdraw.activities.mdstructuredactivities.StructuredActivityNode">
                        <stereotype id="_17_0_2_3_e9f034d_1375474838719_217024_29345"/>
                        <defaults>
                            <PropertyVisitorAcceptor xmlns:xmi="http://www.omg.org/spec/XMI/20110701">
                                <mdElement elementClass="PropertyManager"/>
                            </PropertyVisitorAcceptor>
                        </defaults>
                    </custom>
                </group>
                <group>
                    <custom description="TablePropertyColumn" id="IDaction_1377890067929_537024_0" listAsElement="false" type="com.nomagic.uml2.ext.magicdraw.actions.mdbasicactions.CallBehaviorAction">
                        <stereotype id="_17_0_2_3_eac0346_1374702066208_763130_29330"/>
                        <defaults>
                            <PropertyVisitorAcceptor xmlns:xmi="http://www.omg.org/spec/XMI/20110701">
                                <mdElement elementClass="PropertyManager"/>
                            </PropertyVisitorAcceptor>
                        </defaults>
                    </custom>
                    <custom description="TablePropertyColumn" id="IDaction_1377890083602_534828_0" listAsElement="false" type="com.nomagic.uml2.ext.magicdraw.activities.mdstructuredactivities.StructuredActivityNode">
                        <stereotype id="_17_0_2_3_eac0346_1374702066208_763130_29330"/>
                        <defaults>
                            <PropertyVisitorAcceptor xmlns:xmi="http://www.omg.org/spec/XMI/20110701">
                                <mdElement elementClass="PropertyManager"/>
                            </PropertyVisitorAcceptor>
                        </defaults>
                    </custom>
                </group>
                <group>
                    <custom description="TableAttributeColumn" id="IDaction_1377890016488_750848_0" listAsElement="false" type="com.nomagic.uml2.ext.magicdraw.actions.mdbasicactions.CallBehaviorAction">
                        <stereotype id="_17_0_2_3_407019f_1375477696989_696093_29350"/>
                        <defaults>
                            <PropertyVisitorAcceptor xmlns:xmi="http://www.omg.org/spec/XMI/20110701">
                                <mdElement elementClass="PropertyManager"/>
                            </PropertyVisitorAcceptor>
                        </defaults>
                    </custom>
                    <custom description="TableAttributeColumn" id="IDaction_1377890039484_622192_0" listAsElement="false" type="com.nomagic.uml2.ext.magicdraw.activities.mdstructuredactivities.StructuredActivityNode">
                        <stereotype id="_17_0_2_3_407019f_1375477696989_696093_29350"/>
                        <defaults>
                            <PropertyVisitorAcceptor xmlns:xmi="http://www.omg.org/spec/XMI/20110701">
                                <mdElement elementClass="PropertyManager"/>
                            </PropertyVisitorAcceptor>
                        </defaults>
                    </custom>
                </group>
            </actions>
        </category>
        <category expandedByDefault="true" id="action_category_1326673608860_693478_0" name="Templates">
            <actions>
                <custom description="Paragraph" id="IDaction_1326673837268_353562_0" listAsElement="false" type="com.nomagic.uml2.ext.magicdraw.actions.mdbasicactions.CallBehaviorAction">
                    <stereotype id="_17_0_1_244d03ea_1319496280368_246829_25514"/>
                    <defaults>
                        <PropertyVisitorAcceptor xmlns:xmi="http://www.omg.org/spec/XMI/20110701">
                            <mdElement elementClass="PropertyManager">
                                <propertyManagerID>_17_0_3_244d03ea_1326674039621_930791_16225</propertyManagerID>
                            </mdElement>
                        </PropertyVisitorAcceptor>
                    </defaults>
                </custom>
                <custom description="Image" id="IDaction_1326673855887_679994_0" listAsElement="false" type="com.nomagic.uml2.ext.magicdraw.actions.mdbasicactions.CallBehaviorAction">
                    <stereotype id="_17_0_1_244d03ea_1319496302084_771803_25570"/>
                    <defaults>
                        <PropertyVisitorAcceptor xmlns:xmi="http://www.omg.org/spec/XMI/20110701">
                            <mdElement elementClass="PropertyManager">
                                <propertyManagerID>_17_0_3_244d03ea_1326674039621_571449_16226</propertyManagerID>
                            </mdElement>
                        </PropertyVisitorAcceptor>
                    </defaults>
                </custom>
                <custom description="BulletedList" id="IDaction_1326673869813_242529_0" listAsElement="false" type="com.nomagic.uml2.ext.magicdraw.actions.mdbasicactions.CallBehaviorAction">
                    <stereotype id="_17_0_1_244d03ea_1319496225382_275996_25443"/>
                    <defaults>
                        <PropertyVisitorAcceptor xmlns:xmi="http://www.omg.org/spec/XMI/20110701">
                            <mdElement elementClass="PropertyManager">
                                <propertyManagerID>_17_0_3_244d03ea_1326674039621_354029_16227</propertyManagerID>
                            </mdElement>
                        </PropertyVisitorAcceptor>
                    </defaults>
                </custom>
                <custom description="ViewpointConstraint" id="IDaction_1383599191103_493373_0" listAsElement="false" type="com.nomagic.uml2.ext.magicdraw.actions.mdbasicactions.CallBehaviorAction">
                    <stereotype id="_17_0_2_3_407019f_1383246724224_41450_29079"/>
                    <defaults>
                        <PropertyVisitorAcceptor xmlns:xmi="http://www.omg.org/spec/XMI/20110701">
                            <mdElement elementClass="PropertyManager"/>
                        </PropertyVisitorAcceptor>
                    </defaults>
                </custom>
                <custom description="CombinedMatrix [Dep.]" id="IDaction_1326673898547_833383_0" listAsElement="false" type="com.nomagic.uml2.ext.magicdraw.actions.mdbasicactions.CallBehaviorAction">
                    <stereotype id="_17_0_1_244d03ea_1319497133286_670328_26584"/>
                    <defaults>
                        <PropertyVisitorAcceptor xmlns:xmi="http://www.omg.org/spec/XMI/20110701">
                            <mdElement elementClass="PropertyManager"/>
                        </PropertyVisitorAcceptor>
                    </defaults>
                </custom>
                <custom description="GenericTable [Dep.]" id="IDaction_1326673915972_347362_0" listAsElement="false" type="com.nomagic.uml2.ext.magicdraw.actions.mdbasicactions.CallBehaviorAction">
                    <stereotype id="_17_0_1_244d03ea_1319498258297_961829_27083"/>
                    <defaults>
                        <PropertyVisitorAcceptor xmlns:xmi="http://www.omg.org/spec/XMI/20110701">
                            <mdElement elementClass="PropertyManager"/>
                        </PropertyVisitorAcceptor>
                    </defaults>
                </custom>
                <custom description="PropertiesTableByAttributes" id="IDaction_1326673932826_551943_0" listAsElement="false" type="com.nomagic.uml2.ext.magicdraw.actions.mdbasicactions.CallBehaviorAction">
                    <stereotype id="_17_0_1_407019f_1326235066484_404532_2489"/>
                    <defaults>
                        <PropertyVisitorAcceptor xmlns:xmi="http://www.omg.org/spec/XMI/20110701">
                            <mdElement elementClass="PropertyManager">
                                <propertyManagerID>_17_0_3_244d03ea_1326674039622_366865_16230</propertyManagerID>
                            </mdElement>
                        </PropertyVisitorAcceptor>
                    </defaults>
                </custom>
                <custom description="Other (like UserScripts)" id="IDaction_1326673971333_365712_0" listAsElement="false" type="com.nomagic.uml2.ext.magicdraw.actions.mdbasicactions.CallBehaviorAction">
                    <defaults>
                        <PropertyVisitorAcceptor xmlns:xmi="http://www.omg.org/spec/XMI/20110701">
                            <mdElement elementClass="PropertyManager">
                                <propertyManagerID>_17_0_3_244d03ea_1326674039623_393506_16231</propertyManagerID>
                            </mdElement>
                        </PropertyVisitorAcceptor>
                    </defaults>
                </custom>
            </actions>
        </category>
    </toolbarConfiguration>
    <module location="/Applications/MagicDraw UML 17.0.2/profiles/MDK/SysML Extensions.mdxml" name="SysML Extensions.mdxml">
        <root id="_17_0_1_2_8c20286_1339022620435_958581_14857"/>
    </module>
    <module location="/Applications/MagicDraw UML 17.0.2/profiles/UML_Standard_Profile.mdzip" name="UML_Standard_Profile.mdzip">
        <root id="magicdraw_uml_standard_profile_v_0001"/>
    </module>
    <manipulators>
        <element>com.nomagic.uml2.ext.magicdraw.actions.mdbasicactions.CallBehaviorAction</element>
        <path action="ADD_CONTROL_FLOW">
            <target>ADD_CALL_BEHAVIOR_ACTION</target>
            <target>ADD_DECISION_NODE</target>
            <target>ADD_MERGE_NODE</target>
            <target>ADD_JOIN_NODE_HORIZONTAL</target>
            <target>ADD_FORK_NODE_HORIZONTAL</target>
            <target>ADD_CALL_OPERATION_ACTION</target>
            <target>ADD_FINAL_NODE</target>
            <target>ADD_FLOW_FINAL_NODE_</target>
            <target>ADD_STRUCTURED_ACTIVITY_NODE</target>
        </path>
        <path action="ADD_DEPENDENCY"/>
        <path action="ADD_NOTE_ANCHOR">
            <target>ADD_NOTE</target>
            <target>ADD_HTML_NOTE</target>
            <target>ADD_COMMENT</target>
            <target>ADD_HTML_COMMENT</target>
        </path>
    </manipulators>
    <manipulators>
        <element>com.nomagic.uml2.ext.magicdraw.activities.mdintermediateactivities.ForkNode</element>
        <path action="ADD_CONTROL_FLOW">
            <target>ADD_CALL_BEHAVIOR_ACTION</target>
            <target>ADD_DECISION_NODE</target>
            <target>ADD_MERGE_NODE</target>
            <target>ADD_JOIN_NODE_HORIZONTAL</target>
            <target>ADD_FORK_NODE_HORIZONTAL</target>
            <target>ADD_CALL_OPERATION_ACTION</target>
            <target>ADD_FINAL_NODE</target>
            <target>ADD_FLOW_FINAL_NODE_</target>
            <target>ADD_STRUCTURED_ACTIVITY_NODE</target>
        </path>
        <path action="ADD_NOTE_ANCHOR">
            <target>ADD_NOTE</target>
            <target>ADD_HTML_NOTE</target>
        </path>
    </manipulators>
    <manipulators>
        <element>com.nomagic.uml2.ext.magicdraw.activities.mdintermediateactivities.JoinNode</element>
        <path action="ADD_CONTROL_FLOW">
            <target>ADD_CALL_BEHAVIOR_ACTION</target>
            <target>ADD_DECISION_NODE</target>
            <target>ADD_MERGE_NODE</target>
            <target>ADD_JOIN_NODE_HORIZONTAL</target>
            <target>ADD_FORK_NODE_HORIZONTAL</target>
            <target>ADD_CALL_OPERATION_ACTION</target>
            <target>ADD_FINAL_NODE</target>
            <target>ADD_FLOW_FINAL_NODE_</target>
            <target>ADD_STRUCTURED_ACTIVITY_NODE</target>
        </path>
        <path action="ADD_NOTE_ANCHOR">
            <target>ADD_NOTE</target>
            <target>ADD_HTML_NOTE</target>
        </path>
    </manipulators>
    <manipulators>
        <element>com.nomagic.uml2.ext.magicdraw.activities.mdintermediateactivities.MergeNode</element>
        <path action="ADD_CONTROL_FLOW">
            <target>ADD_CALL_BEHAVIOR_ACTION</target>
            <target>ADD_DECISION_NODE</target>
            <target>ADD_MERGE_NODE</target>
            <target>ADD_JOIN_NODE_HORIZONTAL</target>
            <target>ADD_FORK_NODE_HORIZONTAL</target>
            <target>ADD_CALL_OPERATION_ACTION</target>
            <target>ADD_FINAL_NODE</target>
            <target>ADD_FLOW_FINAL_NODE_</target>
            <target>ADD_STRUCTURED_ACTIVITY_NODE</target>
        </path>
        <path action="ADD_NOTE_ANCHOR">
            <target>ADD_NOTE</target>
            <target>ADD_HTML_NOTE</target>
            <target>ADD_COMMENT</target>
            <target>ADD_HTML_COMMENT</target>
        </path>
    </manipulators>
    <manipulators>
        <element>com.nomagic.uml2.ext.magicdraw.activities.mdstructuredactivities.StructuredActivityNode</element>
        <path action="ADD_DEPENDENCY"/>
        <path action="ADD_CONTROL_FLOW">
            <target>ADD_CALL_BEHAVIOR_ACTION</target>
            <target>ADD_DECISION_NODE</target>
            <target>ADD_MERGE_NODE</target>
            <target>ADD_JOIN_NODE_HORIZONTAL</target>
            <target>ADD_FORK_NODE_HORIZONTAL</target>
            <target>ADD_CALL_OPERATION_ACTION</target>
            <target>ADD_FINAL_NODE</target>
            <target>ADD_FLOW_FINAL_NODE_</target>
            <target>ADD_STRUCTURED_ACTIVITY_NODE</target>
        </path>
        <path action="ADD_NOTE_ANCHOR">
            <target>ADD_NOTE</target>
            <target>ADD_HTML_NOTE</target>
            <target>ADD_COMMENT</target>
            <target>ADD_HTML_COMMENT</target>
        </path>
    </manipulators>
</diagram>

